first_name,second_name,goals_scored,assists,total_points,minutes,goals_conceded,creativity,influence,threat,bonus,bps,ict_index,clean_sheets,red_cards,yellow_cards,selected_by_percent,now_cost
David,Ospina,0,0,7,110,0,0.0,20.6,0.0,0,32,2.1,1,0,0,0.2,48
Petr,Cech,0,0,115,2859,45,0.0,657.0,0.0,7,576,65.4,10,0,1,4.7,53
Damian Emiliano,Martinez,0,0,0,0,0,0.0,0.0,0.0,0,0,0.0,0,0,0,0.6,40
Laurent,Koscielny,2,0,98,2135,31,122.3,671.6,131.0,16,538,92.7,9,0,4,1.7,60
Per,Mertesacker,1,0,15,351,7,3.0,115.4,38.0,2,77,15.7,0,0,0,0.5,47
Gabriel Armando,de Abreu,0,0,0,0,0,0.0,0.0,0.0,0,0,0.0,0,0,0,0.0,50
Héctor,Bellerín,2,2,107,2690,41,496.8,455.2,462.0,7,538,141.5,10,0,5,10.1,59
Carl,Jenkinson,0,0,0,0,0,0.0,0.0,0.0,0,0,0.0,0,0,0,0.2,45
Nacho,Monreal,4,2,119,2103,27,222.7,645.0,269.0,14,574,113.9,10,0,3,7.9,56
Rob,Holding,0,1,20,639,14,37.6,163.0,24.0,0,153,22.4,2,0,2,0.6,44
Shkodran,Mustafi,3,1,98,2021,27,118.0,757.8,200.0,10,549,107.8,9,0,5,4.8,55
Sead,Kolasinac,1,4,87,1836,26,314.2,367.4,333.0,6,423,101.6,8,0,3,6.2,58
Mesut,Özil,4,9,112,2161,36,1287.5,640.6,555.0,11,506,248.6,8,0,4,2.7,93
Santiago,Cazorla,0,0,0,0,0,0.0,0.0,0.0,0,0,0.0,0,0,0,0.1,69
Aaron,Ramsey,6,8,109,1556,21,404.8,514.6,654.0,10,409,157.2,8,0,0,4.0,68
Francis,Coquelin,0,0,7,164,6,16.9,22.2,8.0,0,35,4.8,0,0,0,0.5,43
Alex,Iwobi,2,5,72,1424,21,492.9,338.0,549.0,2,327,137.7,7,0,1,1.0,51
Mohamed,Elneny,0,1,21,821,12,179.9,132.0,90.0,0,145,40.2,3,1,3,3.3,42
Granit,Xhaka,1,6,93,2809,44,699.0,618.8,349.0,2,517,166.6,10,0,7,6.7,51
Jack,Wilshere,1,2,40,1114,16,254.4,236.2,165.0,2,213,65.6,3,0,6,0.7,51
Danny,Welbeck,5,2,64,1006,18,169.1,278.4,369.0,6,231,81.8,4,0,1,1.3,73
Lucas,Pérez,0,0,0,0,0,0.0,0.0,0.0,0,0,0.0,0,0,0,0.1,74
Alexandre,Lacazette,11,4,113,1946,27,482.9,584.4,1165.0,7,437,223.0,8,0,1,6.7,102
Henrikh,Mkhitaryan,2,9,91,1367,13,616.7,423.0,292.0,8,355,133.5,10,0,2,7.3,77
Calum,Chambers,0,0,15,696,12,39.1,173.6,132.0,0,117,34.5,1,0,1,0.3,47
Reiss,Nelson,0,0,3,81,2,16.5,11.8,4.0,0,16,3.3,0,0,0,0.0,47
Ainsley,Maitland-Niles,0,0,20,665,10,89.9,120.4,33.0,0,107,24.4,3,0,0,0.1,45
Matt,Macey,0,0,0,0,0,0.0,0.0,0.0,0,0,0.0,0,0,0,0.0,50
Edward,Nketiah,0,0,2,11,0,0.5,5.0,17.0,0,8,2.3,0,0,0,0.0,50
Mathieu,Debuchy,0,0,0,0,0,0.0,0.0,0.0,0,0,0.0,0,0,0,0.0,45
Konstantinos,Mavropanos,0,0,0,0,0,0.0,0.0,0.0,0,0,0.0,0,0,0,0.0,42
Pierre-Emerick,Aubameyang,6,2,50,700,10,138.8,284.6,308.0,6,206,73.1,2,0,0,14.9,108
Joseph,Willock,0,0,2,67,1,2.8,5.8,4.0,0,6,1.3,0,0,0,0.0,45
Asmir,Begovic,0,0,98,3150,58,20.0,718.0,0.0,4,571,73.5,5,0,2,4.2,45
Artur,Boruc,0,0,0,0,0,0.0,0.0,0.0,0,0,0.0,0,0,0,1.4,41
Adam,Federici,0,0,0,0,0,0.0,0.0,0.0,0,0,0.0,0,0,0,2.2,40
Simon,Francis,0,0,44,2528,45,401.4,658.8,148.0,1,438,121.0,3,1,8,1.3,43
Steve,Cook,2,1,72,2494,50,64.0,797.8,235.0,7,445,109.6,4,0,5,1.1,46
Charlie,Daniels,1,2,82,2731,47,426.7,534.6,175.0,4,529,113.7,5,0,0,7.0,47
Adam,Smith,1,3,56,2067,38,345.5,455.0,144.0,3,376,94.5,2,0,6,0.5,48
Tyrone,Mings,0,0,0,135,4,0.3,22.6,2.0,0,17,2.5,0,0,1,0.2,42
Bradley,Smith,0,0,0,0,0,0.0,0.0,0.0,0,0,0.0,0,0,0,3.2,39
Nathan,Aké,2,3,93,3082,56,112.7,878.4,194.0,8,596,118.6,5,0,5,6.6,51
Harry,Arter,1,0,27,959,13,76.1,146.0,69.0,0,156,29.2,3,0,4,0.4,47
Marc,Pugh,0,0,29,897,17,181.1,90.8,222.0,0,92,49.1,4,0,2,0.1,47
Andrew,Surman,2,4,71,1653,28,203.4,405.0,95.0,7,319,70.3,4,0,2,3.2,43
Junior,Stanislas,5,3,75,1285,22,377.2,394.8,483.0,7,285,125.1,2,0,1,0.4,58
Dan,Gosling,2,1,55,1827,39,258.3,371.8,255.0,4,244,88.6,1,0,8,0.1,48
Max,Gradel,0,0,0,0,0,0.0,0.0,0.0,0,0,0.0,0,0,0,0.0,50
Jordon,Ibe,2,6,82,1872,32,540.4,352.8,603.0,5,278,149.4,4,0,1,1.2,47
Lewis,Cook,0,2,54,2054,40,372.8,422.6,117.0,0,314,91.4,2,0,4,1.3,43
Ryan,Fraser,4,3,82,1733,35,592.8,423.6,369.0,10,331,138.2,1,0,0,0.7,51
Callum,Wilson,7,2,90,1797,31,275.5,354.6,680.0,10,266,130.6,5,0,0,5.5,57
Benik,Afobe,0,1,24,534,12,62.6,33.8,219.0,0,73,31.3,0,0,0,0.2,57
Lys,Mousset,2,0,32,459,13,44.0,101.6,214.0,3,94,35.8,1,0,1,0.2,49
Joshua,King,6,4,95,2180,35,490.5,500.4,761.0,8,325,175.3,6,0,2,1.8,70
Jermain,Defoe,4,1,55,1025,21,124.3,182.6,516.0,5,172,81.8,2,0,1,1.4,76
Aaron,Ramsdale,0,0,0,0,0,0.0,0.0,0.0,0,0,0.0,0,0,0,0.1,40
Jack,Simpson,0,0,1,71,2,0.0,6.2,0.0,0,10,0.6,0,0,0,0.2,40
Emerson,Hyndman,0,0,0,0,0,0.0,0.0,0.0,0,0,0.0,0,0,0,0.0,45
Connor,Mahoney,0,0,0,0,0,0.0,0.0,0.0,0,0,0.0,0,0,0,0.0,45
Matt,Butcher,0,0,0,0,0,0.0,0.0,0.0,0,0,0.0,0,0,0,0.0,45
Kyle,Taylor,0,0,0,0,0,0.0,0.0,0.0,0,0,0.0,0,0,0,0.0,45
Niki,Mäenpää,0,0,0,0,0,0.0,0.0,0.0,0,0,0.0,0,0,0,1.8,39
Mathew,Ryan,0,0,124,3060,47,0.0,782.8,0.0,9,632,78.2,8,0,0,3.5,46
Lewis,Dunk,1,1,82,3060,47,146.8,901.4,421.0,5,562,147.2,8,0,7,3.1,45
Shane,Duffy,0,2,87,2952,46,98.5,909.2,340.0,7,540,134.9,8,0,7,3.1,46
Uwe,Hünemeier,0,0,1,17,1,0.3,7.0,2.0,0,5,0.9,0,0,0,5.0,38
Bruno,Saltor Grau,0,0,68,1746,20,136.3,311.6,27.0,5,355,47.7,8,0,3,0.8,45
Gaëtan,Bong,0,0,48,1877,29,141.0,297.4,18.0,3,297,45.7,4,0,2,0.2,44
Liam,Rosenior,0,0,3,163,3,4.7,28.8,2.0,0,22,3.6,0,0,0,3.2,39
Connor,Goldson,0,0,5,180,4,3.5,38.8,55.0,0,33,9.7,1,0,1,2.7,39
Anthony,Knockaert,3,1,78,2055,22,484.4,361.6,471.0,6,333,131.6,9,1,4,0.5,55
Dale,Stephens,0,3,78,2880,43,250.5,575.0,175.0,2,496,100.2,8,0,5,1.2,45
Beram,Kayal,0,0,19,566,11,100.5,99.8,30.0,0,89,23.0,0,0,2,0.1,44
Steve,Sidwell,0,0,0,0,0,0.0,0.0,0.0,0,0,0.0,0,0,0,0.2,42
Solomon,March,1,3,69,1730,25,319.3,336.8,299.0,3,279,95.8,6,0,3,0.2,48
Jiri,Skalak,0,0,0,0,0,0.0,0.0,0.0,0,0,0.0,0,0,0,0.0,47
Oliver,Norwood,0,0,0,0,0,0.0,0.0,0.0,0,0,0.0,0,0,0,0.0,45
Jamie,Murphy,0,0,6,166,4,15.5,11.8,24.0,0,25,5.1,0,0,0,0.0,47
Pascal,Groß,6,8,151,2650,42,1235.9,668.8,424.0,24,582,233.1,8,0,1,16.3,60
Glenn,Murray,12,0,109,2038,35,257.9,489.2,738.0,16,319,147.7,7,0,7,6.6,60
Tomer,Hemed,2,2,43,842,8,66.1,152.0,227.0,5,110,44.2,3,0,0,1.0,46
Sam,Baldock,0,0,2,30,1,0.8,0.4,6.0,0,4,0.7,0,0,0,0.0,49
Leonardo,Ulloa,0,0,11,140,1,64.3,31.8,31.0,0,35,12.6,0,0,0,0.3,48
Markus,Suttner,0,0,38,1178,18,105.6,187.4,17.0,3,204,30.8,4,0,0,0.4,42
Isaiah,Brown,0,0,16,302,8,86.2,33.2,25.0,0,60,14.5,0,0,0,0.0,52
Davy,Pröpper,0,3,77,2848,43,270.3,476.0,253.0,1,404,100.1,8,1,2,0.1,53
José Heriberto,Izquierdo Mena,5,4,90,1727,29,281.7,368.6,541.0,4,293,118.9,3,0,2,0.3,59
Ezequiel,Schelotto,0,0,19,1222,26,98.1,202.6,73.0,0,171,37.4,0,0,3,0.1,44
Tim,Krul,0,0,0,0,0,0.0,0.0,0.0,0,0,0.0,0,0,0,0.7,40
Jayson,Molumby,0,0,0,0,0,0.0,0.0,0.0,0,0,0.0,0,0,0,0.0,45
Jürgen,Locadia,1,1,14,148,5,20.5,50.4,86.0,2,45,15.7,1,0,0,0.0,60
Tom,Heaton,0,0,8,305,4,0.0,53.4,0.0,0,48,5.3,0,0,0,1.8,47
Paul,Robinson,0,0,0,0,0,0.0,0.0,0.0,0,0,0.0,0,0,0,0.0,45
Matthew,Lowton,0,3,80,1935,18,222.5,490.4,30.0,4,386,74.7,7,0,1,5.4,44
Ben,Mee,0,0,90,2610,27,74.5,748.6,349.0,6,491,117.3,9,0,5,9.3,49
Stephen,Ward,1,1,93,2100,19,219.3,431.6,52.0,9,423,70.5,8,0,1,9.0,48
James,Tarkowski,0,0,88,2430,22,67.3,727.2,174.0,2,460,97.3,10,0,4,5.0,46
Kevin,Long,1,2,48,1080,13,53.3,381.8,92.0,6,222,52.7,3,0,1,7.0,41
Charlie,Taylor,0,0,23,949,12,86.8,184.2,4.0,0,132,27.5,2,0,3,0.5,42
Scott,Arfield,2,2,56,1330,15,120.2,233.2,246.0,6,185,60.1,6,0,3,0.2,49
Dean,Marney,0,0,0,0,0,0.0,0.0,0.0,0,0,0.0,0,0,0,0.0,44
Johann Berg,Gudmundsson,2,9,108,2484,26,841.6,544.2,491.0,7,423,187.8,9,0,2,1.7,50
Steven,Defour,1,1,62,1998,17,310.8,353.8,117.0,0,353,78.4,12,0,6,0.3,54
Jeff,Hendrick,2,2,79,2126,21,342.7,237.8,286.0,1,271,86.7,9,0,1,0.2,54
Robbie,Brady,1,4,56,1277,12,477.9,273.8,221.0,7,216,97.3,6,0,3,0.4,53
Ashley,Westwood,0,0,22,755,9,86.3,110.6,62.0,0,121,25.8,1,0,2,0.1,43
Jonathan,Walters,0,0,3,36,2,0.7,1.2,12.0,0,3,1.1,0,0,0,0.1,51
Jack,Cork,2,1,91,3060,31,314.3,550.6,205.0,6,483,107.2,11,0,7,3.9,45
Sam,Vokes,4,2,58,840,10,101.6,205.6,357.0,7,161,65.6,2,0,3,2.0,57
Ashley,Barnes,8,0,82,1966,21,258.2,364.4,705.0,7,261,130.8,4,0,9,5.2,54
Aaron,Lennon,0,4,56,1597,23,187.9,206.8,261.0,0,179,65.6,5,0,2,0.3,54
Nahki,Wells,0,0,7,35,2,2.6,7.2,31.0,0,14,4.0,0,0,0,0.1,49
Phil,Bardsley,0,0,33,1125,13,117.5,229.4,35.0,0,193,38.3,4,0,5,0.4,41
Georges-Kévin,Nkoudou,0,0,9,186,1,26.2,19.4,33.0,0,17,7.4,1,0,1,0.0,54
Nick,Pope,0,0,141,2754,27,40.0,779.6,0.0,19,633,81.9,10,0,3,11.1,50
Chris,Wood,9,1,91,1406,10,181.6,395.0,594.0,17,279,117.1,8,0,1,3.3,64
Adam,Legzdins,0,0,0,0,0,0.0,0.0,0.0,0,0,0.0,0,0,0,0.1,40
Anders,Lindegaard,0,0,0,0,0,0.0,0.0,0.0,0,0,0.0,0,0,0,0.2,40
Fredrik,Ulvestad,0,0,0,0,0,0.0,0.0,0.0,0,0,0.0,0,0,0,0.0,44
Aiden,O'Neill,0,0,0,0,0,0.0,0.0,0.0,0,0,0.0,0,0,0,0.0,45
Olivier,Giroud,6,1,63,695,8,251.0,267.4,568.0,7,233,108.5,3,0,0,1.5,82
Thibaut,Courtois,0,0,119,2880,31,0.0,474.0,0.0,2,562,47.7,13,0,1,10.2,53
Eduardo,dos Reis Carvalho,0,0,0,0,0,0.0,0.0,0.0,0,0,0.0,0,0,0,0.1,47
Willy,Caballero,0,0,9,180,3,0.0,45.6,0.0,0,43,4.5,1,0,0,0.1,48
César,Azpilicueta,2,6,157,2970,34,472.2,871.2,152.0,22,812,149.9,13,0,1,20.1,69
Gary,Cahill,0,0,61,1812,24,54.2,436.0,93.0,2,381,58.6,7,1,1,3.0,62
Marcos,Alonso,6,2,150,2675,29,543.9,635.0,715.0,13,600,189.6,12,0,5,17.4,72
David,Luiz Moreira Marinho,1,2,32,838,13,22.3,210.2,65.0,0,186,29.6,3,1,3,8.1,57
Victor,Moses,3,5,115,1841,17,271.8,369.2,426.0,7,427,106.8,9,0,1,2.1,65
Antonio,Rüdiger,2,1,101,2066,21,66.2,502.6,128.0,8,499,69.8,10,0,4,3.2,58
Eden,Hazard,12,5,161,2140,24,1039.4,866.8,1009.0,24,645,291.8,10,0,2,6.1,105
Cesc,Fàbregas,1,4,73,2040,25,1188.0,607.2,402.0,4,472,219.8,9,1,4,3.0,68
Willian,Borges Da Silva,6,8,125,1758,18,833.4,627.8,686.0,13,496,214.6,9,0,1,14.8,71
Pedro,Rodríguez Ledesma,4,2,77,1435,13,390.0,335.0,487.0,2,261,121.2,8,0,1,1.0,77
N'Golo,Kanté,1,2,91,2634,28,577.4,607.4,196.0,9,591,138.4,14,0,3,11.6,49
Michy,Batshuayi,2,1,25,351,7,39.0,99.4,123.0,3,77,25.7,1,0,0,0.5,81
Diego,Da Silva Costa,0,0,0,0,0,0.0,0.0,0.0,0,0,0.0,0,0,0,0.4,95
Ross,Barkley,0,0,1,53,1,16.7,1.8,20.0,0,4,3.9,0,0,0,0.2,73
Kasey,Palmer,0,0,4,168,2,25.6,20.0,27.0,0,9,7.2,1,0,2,0.0,53
Daniel,Drinkwater,1,0,24,520,7,88.1,116.4,54.0,1,117,25.7,1,0,0,0.2,47
Tiemoué,Bakayoko,2,2,70,1851,21,256.3,385.2,408.0,5,322,105.2,9,1,2,1.2,49
Andreas,Christensen,0,0,76,1887,19,60.0,405.4,86.0,4,440,55.2,8,0,0,2.4,53
Charly,Musonda,0,1,6,35,0,18.5,20.6,14.0,0,15,5.0,0,0,0,0.0,48
Álvaro,Morata,11,6,118,1946,18,452.8,604.2,1118.0,13,345,217.2,11,0,7,7.8,104
Fikayo,Tomori,0,0,0,0,0,0.0,0.0,0.0,0,0,0.0,0,0,0,0.0,45
Kyle,Scott,0,0,0,0,0,0.0,0.0,0.0,0,0,0.0,0,0,0,0.1,43
Jeremie,Boga,0,0,1,17,0,1.0,0.0,0.0,0,1,0.0,0,0,0,0.0,60
Davide,Zappacosta,1,1,56,1033,14,241.6,250.8,327.0,1,220,81.6,5,0,0,0.2,59
Ethan,Ampadu,0,0,1,10,1,0.0,7.4,0.0,0,6,0.7,0,0,0,0.0,45
Callum,Hudson-Odoi,0,0,2,27,1,1.7,8.8,27.0,0,11,3.8,0,0,0,0.0,45
Dujon,Sterling,0,0,0,0,0,0.0,0.0,0.0,0,0,0.0,0,0,0,0.0,45
Emerson,Palmieri dos Santos,0,1,7,98,1,17.9,27.8,21.0,0,28,6.7,0,0,0,0.0,52
Trevoh,Chalobah,0,0,0,0,0,0.0,0.0,0.0,0,0,0.0,0,0,0,0.0,40
Ruben,Loftus-Cheek,1,4,61,1606,29,337.4,296.4,411.0,2,278,104.6,4,0,1,3.1,44
Wayne,Hennessey,0,0,85,2160,40,10.0,585.2,0.0,11,453,59.6,5,0,1,2.8,44
Julian,Speroni,0,0,36,990,14,0.0,213.6,0.0,3,175,21.3,2,0,0,3.1,40
James,Tomkins,3,0,87,2116,31,21.4,664.2,247.0,9,459,93.5,7,0,6,3.5,43
Scott,Dann,1,0,32,1434,26,62.3,342.2,268.0,0,211,67.0,1,0,4,0.3,46
Joel,Ward,0,1,34,1484,25,160.5,318.8,58.0,0,252,53.8,3,0,4,0.2,47
Martin,Kelly,0,0,33,1143,20,24.7,216.2,84.0,1,182,32.6,4,0,1,0.6,42
Damien,Delaney,0,0,1,95,5,0.3,40.0,0.0,0,19,4.0,0,0,0,0.2,42
Pape,Souaré,0,0,0,0,0,0.0,0.0,0.0,0,0,0.0,0,0,0,0.0,45
Jeffrey,Schlupp,0,1,45,1733,30,188.3,335.6,138.0,0,267,66.4,3,0,3,0.2,47
Patrick,van Aanholt,2,0,55,1921,37,262.2,379.0,233.0,2,328,87.7,4,0,7,1.8,51
Jason,Puncheon,0,0,11,574,14,93.9,46.4,112.0,0,38,25.1,0,0,5,0.3,44
Wilfried,Zaha,7,5,107,2279,30,589.8,552.0,999.0,3,319,214.1,8,0,5,7.7,69
James,McArthur,3,1,78,2186,34,278.7,380.4,475.0,6,338,113.4,5,0,4,3.4,43
Chung-yong,Lee,0,0,6,122,3,31.5,3.0,10.0,0,17,4.4,0,0,0,0.3,42
Yohan,Cabaye,0,4,66,2132,35,706.2,396.4,335.0,3,377,143.9,6,0,6,0.2,53
Bakary,Sako,3,0,36,466,10,103.1,143.2,227.0,1,115,46.9,1,0,0,0.1,48
Andros,Townsend,2,8,110,2864,47,918.1,577.6,540.0,7,512,203.8,7,0,3,1.4,56
Luka,Milivojevic,10,2,137,2809,51,350.0,828.4,422.0,21,590,160.1,6,0,7,13.7,52
Connor,Wickham,0,0,0,0,0,0.0,0.0,0.0,0,0,0.0,0,0,0,0.0,54
Christian,Benteke,2,7,77,2181,36,399.1,285.6,795.0,5,147,147.8,6,0,6,2.5,75
Mamadou,Sakho,1,1,59,1327,22,16.6,352.6,77.0,13,314,44.8,4,0,1,0.5,46
Timothy,Fosu-Mensah,0,0,39,1592,29,103.7,326.6,43.0,3,279,47.4,2,0,2,1.0,44
Jairo,Riedewald,0,0,23,435,6,21.5,74.4,12.0,0,100,10.6,2,0,0,0.1,46
Jason,Lokilo,0,0,0,0,0,0.0,0.0,0.0,0,0,0.0,0,0,0,0.1,43
Olayinka Fredrick Oladotun,Ladapo,0,0,1,16,1,1.1,0.4,0.0,0,3,0.2,0,0,0,1.0,45
Sullay,Kaikai,0,0,1,13,0,0.3,5.2,0.0,0,5,0.6,0,0,0,0.1,43
Keshi,Anderson,0,0,0,0,0,0.0,0.0,0.0,0,0,0.0,0,0,0,0.3,45
Levi,Lumeka,0,0,1,25,0,0.5,4.2,18.0,0,3,2.3,0,0,0,0.0,44
Jordon,Mutch,0,0,0,0,0,0.0,0.0,0.0,0,0,0.0,0,0,0,0.0,45
Dion,Henry,0,0,0,0,0,0.0,0.0,0.0,0,0,0.0,0,0,0,0.1,40
Aaron,Wan-Bissaka,0,0,12,537,10,44.3,173.8,2.0,0,91,21.9,1,0,1,0.0,45
Jaroslaw,Jach,0,0,0,0,0,0.0,0.0,0.0,0,0,0.0,0,0,0,0.0,43
Erdal,Rakip,0,0,0,0,0,0.0,0.0,0.0,0,0,0.0,0,0,0,0.0,48
Alexander,Sørloth,0,0,8,360,9,74.0,48.6,102.0,0,25,22.5,0,0,0,0.1,55
Nya,Kirby,0,0,0,0,0,0.0,0.0,0.0,0,0,0.0,0,0,0,0.0,45
Diego,Cavalieri,0,0,0,0,0,0.0,0.0,0.0,0,0,0.0,0,0,0,0.0,40
James,Daly,0,0,0,0,0,0.0,0.0,0.0,0,0,0.0,0,0,0,0.0,45
Theo,Walcott,2,2,47,1005,15,217.1,243.8,352.0,3,184,81.4,2,0,2,2.8,68
Jordan,Pickford,0,0,129,3060,54,30.1,813.8,4.0,16,650,84.8,8,0,0,8.5,49
Joel,Robles,0,0,0,0,0,0.0,0.0,0.0,0,0,0.0,0,0,0,0.2,42
Maarten,Stekelenburg,0,0,0,0,0,0.0,0.0,0.0,0,0,0.0,0,0,0,0.3,42
Leighton,Baines,2,2,59,1549,30,278.0,335.0,87.0,5,296,70.0,3,0,1,4.0,56
Seamus,Coleman,0,1,24,675,8,76.3,139.8,29.0,0,123,24.6,2,0,0,0.5,64
Phil,Jagielka,0,0,44,1714,35,22.4,439.6,73.0,4,331,53.5,4,0,2,2.6,47
Matthew,Pennington,0,0,0,0,0,0.0,0.0,0.0,0,0,0.0,0,0,0,0.1,40
Ramiro,Funes Mori,0,0,1,14,0,0.1,7.2,0.0,0,4,0.7,0,0,0,0.0,49
Ashley,Williams,1,0,56,1830,31,39.0,518.0,132.0,3,332,68.9,5,1,3,2.1,52
Mason,Holgate,0,0,37,1183,14,93.9,285.8,105.0,0,214,48.5,4,0,3,1.1,40
Jonjoe,Kenny,0,2,50,1589,31,184.5,362.4,47.0,2,309,59.5,5,0,2,2.2,40
Michael,Keane,0,1,64,2199,42,46.4,614.8,90.0,8,430,75.3,5,0,2,5.1,53
Yannick,Bolasie,1,1,32,738,14,94.3,87.8,169.0,0,75,34.7,3,0,0,0.2,64
Kevin,Mirallas,0,0,5,135,8,20.2,16.4,42.0,0,19,7.9,0,0,1,0.8,60
James,McCarthy,0,0,6,204,6,19.3,33.8,4.0,0,41,5.8,0,0,0,0.0,49
Muhamed,Besic,0,0,2,46,0,11.5,18.2,0.0,0,10,3.0,0,0,0,0.1,42
Morgan,Schneiderlin,0,0,45,1803,34,134.6,304.0,28.0,1,290,46.6,5,1,3,0.5,47
Idrissa,Gueye,1,1,65,2389,41,248.3,469.2,139.0,2,467,85.6,7,1,5,0.8,48
Tom,Davies,1,2,53,1655,20,152.2,193.0,205.0,0,179,54.0,6,0,6,0.4,51
Ademola,Lookman,0,1,10,153,6,20.5,12.0,43.0,0,30,7.5,0,0,0,0.1,51
Davy,Klaassen,0,0,5,193,4,19.7,11.0,19.0,0,13,4.9,0,0,0,0.4,69
Dominic,Calvert-Lewin,4,8,87,1840,28,320.3,349.0,630.0,3,255,129.5,6,0,4,4.5,50
Sandro,Ramírez,0,0,10,275,7,28.3,8.8,67.0,0,21,9.8,1,0,0,0.4,70
Wayne,Rooney,10,3,109,2113,33,521.9,556.4,455.0,20,455,153.2,5,0,5,9.9,71
Gylfi,Sigurdsson,4,4,96,2257,40,614.9,485.6,437.0,8,396,154.0,6,0,2,1.9,80
Cuco,Martina,0,2,55,1830,30,238.8,468.8,39.0,0,367,74.9,5,0,2,1.4,42
Eliaquim,Mangala,0,0,22,617,7,19.9,113.8,32.0,0,118,16.8,2,0,0,0.2,50
Nikola,Vlasic,0,0,14,441,11,131.2,69.8,64.0,0,64,26.5,0,0,0,0.0,53
Oumar,Niasse,7,3,73,931,20,133.2,315.8,501.0,13,209,94.0,0,0,2,5.2,47
Beni,Baningime,0,0,7,192,2,3.8,9.4,0.0,0,20,1.3,0,0,1,0.0,45
Cenk,Tosun,4,0,42,679,11,159.2,180.6,255.0,8,144,58.8,2,0,0,2.6,68
Luke,Garbutt,0,0,0,0,0,0.0,0.0,0.0,0,0,0.0,0,0,0,0.0,40
Joel,Coleman,0,0,0,0,0,0.0,0.0,0.0,0,0,0.0,0,0,0,3.9,39
Jonas,Lössl,0,1,122,3060,54,30.0,744.4,0.0,11,635,77.5,9,0,0,7.1,46
Christopher,Schindler,0,2,91,2904,49,105.2,837.6,107.0,15,618,105.5,8,1,6,3.4,46
Chris,Löwe,0,0,51,1357,24,94.4,231.4,33.0,0,272,35.8,6,0,0,1.2,44
Tommy,Smith,0,1,43,1728,30,249.7,285.4,50.0,2,281,58.9,4,0,6,0.2,47
Michael,Hefele,0,0,1,32,1,0.1,4.0,0.0,0,1,0.4,0,0,1,0.1,42
Martin,Cranie,0,0,2,179,7,1.7,44.0,2.0,0,35,4.7,0,0,0,0.2,40
Jon Gorenc,Stankovic,0,0,0,0,0,0.0,0.0,0.0,0,0,0.0,0,0,0,0.2,39
Mark,Hudson,0,0,0,0,0,0.0,0.0,0.0,0,0,0.0,0,0,0,0.1,40
Mathias,Jorgensen,0,3,96,3060,54,121.8,681.4,169.0,8,558,97.3,9,0,5,6.5,45
Aaron,Mooy,4,3,104,2706,48,779.7,693.4,337.0,8,519,181.0,9,0,4,4.8,52
Rajiv,van La Parra,3,0,71,1997,35,246.7,314.4,538.0,3,233,109.8,6,1,2,0.5,45
Jonathan,Hogg,0,0,45,2069,37,157.7,397.4,53.0,0,342,61.2,6,1,7,0.2,44
Philip,Billing,0,0,18,623,9,55.5,92.8,16.0,0,78,16.4,3,0,3,0.2,44
Joe,Lolley,1,0,11,217,5,20.0,50.6,47.0,0,28,11.8,0,0,1,0.1,43
Jack,Payne,0,0,0,0,0,0.0,0.0,0.0,0,0,0.0,0,0,0,0.0,45
Dean,Whitehead,0,0,3,65,3,1.1,5.6,0.0,0,13,0.7,0,0,0,0.1,42
Harry,Bunn,0,0,0,0,0,0.0,0.0,0.0,0,0,0.0,0,0,0,0.0,45
Sean,Scannell,0,0,0,0,0,0.0,0.0,0.0,0,0,0.0,0,0,0,0.0,45
Elias,Kachunga,1,1,46,1327,23,152.1,151.0,246.0,0,151,54.5,6,0,1,0.1,57
Tom,Ince,2,1,80,2390,38,329.9,247.6,769.0,3,265,134.8,7,0,0,0.5,55
Danny,Williams,0,0,28,1115,22,83.0,131.4,56.0,0,134,27.0,0,0,2,0.0,48
Collin,Quaner,0,4,43,1210,22,250.6,206.0,269.0,0,166,72.6,3,0,4,4.5,45
Laurent,Depoitre,5,2,82,1643,32,178.1,291.0,376.0,11,250,84.6,4,0,1,2.4,51
Steve,Mounie,7,2,87,1622,29,236.2,352.0,530.0,12,259,111.5,6,0,2,1.9,55
Scott,Malone,0,1,38,1065,22,146.1,212.4,70.0,4,205,42.8,3,0,3,0.2,43
Florent,Hadergjonaj,0,1,41,1372,25,318.3,265.0,48.0,5,229,63.2,3,0,3,0.1,45
Abdelhamid,Sabiri,0,1,10,217,5,40.6,30.8,53.0,0,30,12.4,1,0,1,0.0,47
Robert,Green,0,0,0,0,0,0.0,0.0,0.0,0,0,0.0,0,0,0,0.2,40
Terence,Kongolo,0,0,19,687,10,38.6,195.6,12.0,2,118,24.7,1,0,0,0.0,44
Alex,Pritchard,1,2,32,699,8,181.5,123.0,181.0,3,118,48.6,2,0,1,0.1,54
Kasper,Schmeichel,0,0,123,2965,47,11.1,687.2,0.0,17,592,69.9,8,0,3,5.0,51
Ben,Hamer,0,0,7,94,0,0.0,15.4,0.0,0,27,1.5,1,0,0,0.1,43
Wes,Morgan,0,0,58,2457,39,51.2,454.0,154.0,1,342,65.9,5,0,4,3.0,44
Christian,Fuchs,0,1,56,1647,27,233.6,342.6,51.0,8,323,62.8,4,0,1,1.9,48
Danny,Simpson,0,0,54,2170,37,110.3,425.2,42.0,0,330,57.7,5,0,3,2.4,43
Robert,Huth,0,0,0,0,0,0.0,0.0,0.0,0,0,0.0,0,0,0,0.1,48
Yohan,Benalouane,0,0,0,0,0,0.0,0.0,0.0,0,0,0.0,0,0,0,0.1,42
Benjamin,Chilwell,0,2,65,1758,25,315.0,363.4,63.0,4,353,74.3,6,1,1,4.1,44
Harry,Maguire,2,4,114,3060,47,218.4,852.6,414.0,10,655,148.5,9,0,7,12.0,56
Riyad,Mahrez,10,11,171,2588,38,783.6,818.2,820.0,18,588,242.5,9,0,1,10.6,89
Marc,Albrighton,2,8,109,2478,37,717.3,570.2,290.0,12,452,158.1,8,0,5,3.1,55
Demarai,Gray,3,2,71,1486,25,341.3,273.4,394.0,2,287,101.1,4,0,2,0.6,53
Daniel,Amartey,0,0,13,486,7,10.3,81.2,0.0,0,53,9.2,3,1,0,0.2,43
Nampalys,Mendy,0,0,0,0,0,0.0,0.0,0.0,0,0,0.0,0,0,0,0.0,45
Wilfred,Ndidi,0,4,77,2846,43,229.4,630.6,299.0,4,442,116.1,9,2,6,0.4,49
Ahmed,Musa,0,0,0,0,0,0.0,0.0,0.0,0,0,0.0,0,0,0,0.4,61
Vicente,Iborra,3,0,55,1276,17,127.9,329.2,148.0,6,276,60.4,3,0,0,0.2,57
Jamie,Vardy,17,2,157,2888,44,382.1,714.4,1048.0,22,578,214.6,8,0,3,23.5,89
Shinji,Okazaki,6,3,76,1314,19,228.1,347.6,508.0,7,275,107.9,5,0,2,3.1,53
Kelechi,Iheanacho,1,4,38,573,8,145.5,122.6,185.0,3,108,44.8,1,0,2,0.8,65
Eldin,Jakupovic,0,0,0,0,0,0.0,0.0,0.0,0,0,0.0,0,0,0,0.1,42
Matty,James,0,0,26,991,15,52.7,114.6,145.0,0,121,31.4,4,0,2,0.2,44
Aleksandar,Dragovic,0,0,27,674,10,2.5,156.8,35.0,0,158,19.6,4,0,1,0.1,49
Hamza,Choudhury,0,0,5,146,3,2.5,26.0,8.0,0,22,3.6,0,0,0,0.0,44
George,Thomas,0,0,0,0,0,0.0,0.0,0.0,0,0,0.0,0,0,0,0.0,45
Adrien Sebastian,Perruchet Silva,0,1,15,445,7,75.1,74.0,32.0,0,78,18.1,1,0,1,0.0,60
Fousseni,Diabaté,0,0,12,374,6,58.9,43.0,33.0,0,37,13.6,0,0,1,0.1,49
Harvey,Barnes,0,0,1,1,0,0.5,0.0,4.0,0,2,0.3,0,0,0,0.0,45
Alex,Oxlade-Chamberlain,3,7,94,1718,28,624.1,548.0,494.0,5,423,166.4,5,0,3,3.1,56
Simon,Mignolet,0,0,67,1710,24,0.0,281.0,0.0,0,329,28.0,7,0,3,1.1,47
Loris,Karius,0,0,73,1440,13,0.0,239.2,0.0,5,311,23.8,8,0,1,1.8,49
Dejan,Lovren,1,1,95,1944,23,77.0,571.0,223.0,9,483,87.0,10,0,4,1.5,53
Alberto,Moreno,0,1,45,1173,19,206.5,249.4,99.0,3,300,55.4,5,0,1,1.2,43
Nathaniel,Clyne,0,0,6,90,0,5.1,9.8,4.0,0,19,1.9,1,0,0,0.2,53
Joseph,Gomez,0,2,77,1811,22,255.0,404.6,46.0,6,448,70.6,8,0,3,2.4,45
Joel,Matip,1,0,81,1995,27,96.1,544.8,140.0,3,470,78.1,9,0,3,1.7,54
Ragnar,Klavan,1,0,70,1359,15,52.2,334.4,43.0,7,354,43.0,7,0,0,1.4,41
James,Milner,0,3,74,1646,24,565.4,413.0,272.0,4,435,125.2,6,0,3,2.5,60
Trent,Alexander-Arnold,1,2,69,1329,16,342.7,338.8,110.0,10,335,79.3,6,0,3,4.9,44
Leiva,Lucas,0,0,0,0,0,0.0,0.0,0.0,0,0,0.0,0,0,0,0.0,45
Jordan,Henderson,1,1,68,1958,21,414.2,384.0,101.0,3,342,90.1,12,0,1,1.1,53
Philippe,Coutinho,7,7,103,1109,14,624.4,550.4,519.0,15,381,169.4,5,0,0,3.0,91
Emre,Can,3,6,92,2089,29,426.4,546.4,231.0,10,499,120.6,8,0,8,4.3,49
Adam,Lallana,0,0,12,218,1,106.5,28.0,122.0,0,33,25.5,1,0,1,0.3,73
Oluwaseyi,Ojo,0,0,0,0,0,0.0,0.0,0.0,0,0,0.0,0,0,0,0.0,50
Sadio,Mané,10,8,142,2026,23,643.5,642.6,842.0,8,477,212.7,14,1,3,11.0,95
Marko,Grujic,0,0,3,14,0,11.7,7.4,0.0,0,9,1.9,0,0,0,0.4,42
Georginio,Wijnaldum,1,2,77,2111,22,313.7,308.4,336.0,1,360,95.9,13,0,1,2.2,66
Ben,Woodburn,0,0,0,0,0,0.0,0.0,0.0,0,0,0.0,0,0,0,0.3,42
Mohamed,Salah,31,11,288,2642,28,871.6,1431.6,1927.0,26,849,423.0,13,0,0,59.8,106
Roberto,Firmino,15,8,175,2497,31,772.8,923.0,1252.0,29,736,294.8,14,0,1,40.2,96
Danny,Ings,1,1,15,192,0,18.6,51.8,115.0,0,48,18.4,2,0,0,0.1,54
Divock,Origi,0,0,1,9,1,0.0,0.0,0.0,0,3,0.0,0,0,0,0.2,74
Dominic,Solanke,0,1,26,475,4,158.9,78.8,275.0,0,63,50.9,2,0,0,1.6,46
Virgil,van Dijk,0,0,65,1983,27,108.3,534.0,231.0,5,418,87.5,6,0,0,7.8,57
Andrew,Robertson,0,4,91,1777,17,377.6,346.8,157.0,9,441,88.1,9,0,2,9.3,51
Jon,Flanagan,0,0,0,0,0,0.0,0.0,0.0,0,0,0.0,0,0,0,0.0,44
Danny,Ward,0,0,0,0,0,0.0,0.0,0.0,0,0,0.0,0,0,0,0.0,44
Conor,Masterson,0,0,0,0,0,0.0,0.0,0.0,0,0,0.0,0,0,0,0.0,40
Curtis,Jones,0,0,0,0,0,0.0,0.0,0.0,0,0,0.0,0,0,0,0.0,45
Rafael,Camacho,0,0,0,0,0,0.0,0.0,0.0,0,0,0.0,0,0,0,0.0,45
Ederson,Santana de Moraes,0,0,143,2925,25,10.0,514.4,0.0,9,614,52.4,14,0,0,8.5,56
Claudio,Bravo,0,0,1,44,0,0.0,2.6,0.0,0,4,0.3,0,0,0,0.5,45
John,Stones,0,0,55,1139,11,19.3,247.4,97.0,2,280,36.5,7,0,0,3.1,53
Aleksandar,Kolarov,0,0,0,0,0,0.0,0.0,0.0,0,0,0.0,0,0,0,0.0,55
Vincent,Kompany,1,1,52,1214,10,57.1,354.2,109.0,2,287,52.0,5,0,6,3.0,59
Nicolás,Otamendi,4,0,146,2786,24,198.8,803.2,357.0,18,695,136.2,14,0,8,27.0,64
Fabian,Delph,1,1,45,1462,16,204.5,300.6,58.0,0,324,56.3,5,0,2,0.4,45
Raheem,Sterling,17,13,200,2244,22,751.9,869.6,1326.0,18,631,294.9,10,1,3,23.0,89
David,Silva,8,11,156,2251,18,1058.8,810.4,807.0,24,617,268.0,12,0,5,12.3,82
Gnegneri Yaya,Touré,0,1,9,98,1,35.1,51.6,10.0,0,49,9.5,0,0,1,0.8,60
Fernando,Luiz Rosa,3,4,96,2520,22,428.3,655.8,329.0,5,499,141.4,13,0,7,3.9,50
Fernando Francisco,Reges,0,0,0,0,0,0.0,0.0,0.0,0,0,0.0,0,0,0,0.0,45
Kevin,De Bruyne,7,17,190,2763,21,1649.5,1062.4,693.0,25,810,340.6,16,0,2,22.3,103
Ilkay,Gündogan,4,2,71,1150,13,324.5,347.4,330.0,9,315,99.9,4,0,3,1.8,54
Manuel,Agudo Durán,0,0,0,0,0,0.0,0.0,0.0,0,0,0.0,0,0,0,0.0,70
Leroy,Sané,9,12,152,2055,20,731.4,706.4,905.0,14,539,234.0,10,0,4,12.3,86
Bernardo Mota,Veiga de Carvalho e Silva,4,5,88,1240,9,394.6,367.4,342.0,3,357,110.3,7,0,0,1.2,72
Sergio,Agüero,21,6,169,1960,12,570.8,966.4,1484.0,22,740,302.5,13,0,2,11.7,115
Gabriel Fernando,de Jesus,10,6,101,1288,10,285.0,476.2,876.0,14,353,163.5,7,0,5,12.8,102
Kyle,Walker,0,6,128,2634,21,443.8,513.8,101.0,6,651,105.9,14,1,2,13.4,66
Danilo Luiz,da Silva,2,1,73,1041,10,110.7,275.6,138.0,5,298,52.5,7,0,2,2.5,50
Benjamin,Mendy,0,1,17,298,1,100.9,68.4,27.0,1,84,19.7,2,0,2,0.3,63
Phil,Foden,0,1,6,18,1,13.7,22.0,2.0,0,18,3.7,0,0,0,0.0,47
Brahim,Diaz,0,0,3,31,1,2.9,6.6,35.0,0,9,4.5,0,0,0,0.0,47
Oleksandr,Zinchenko,0,0,14,455,2,112.3,103.0,13.0,0,89,22.8,3,0,1,0.0,50
Oluwatosin,Adarabioyo,0,0,0,0,0,0.0,0.0,0.0,0,0,0.0,0,0,0,0.0,40
Aymeric,Laporte,0,0,18,446,3,24.5,77.8,18.0,1,106,12.1,2,0,1,1.0,51
Lukas,Nmecha,0,0,0,0,0,0.0,0.0,0.0,0,0,0.0,0,0,0,0.1,45
Alexis,Sánchez,9,9,141,2276,31,1025.8,774.0,1190.0,13,465,299.1,9,0,5,3.3,115
Nemanja,Matic,1,1,87,2937,24,373.6,635.8,165.0,3,538,117.6,16,0,6,9.1,47
David,De Gea,0,0,161,3060,26,10.0,772.8,0.0,10,706,78.6,17,0,0,44.6,59
Sergio,Romero,0,0,0,0,0,0.0,0.0,0.0,0,0,0.0,0,0,0,0.1,47
Joel Dinis,Castro Pereira,0,0,0,0,0,0.0,0.0,0.0,0,0,0.0,0,0,0,4.2,39
Chris,Smalling,4,0,113,2265,22,32.5,701.2,221.0,9,538,95.7,10,0,4,8.4,56
Phil,Jones,0,0,109,1883,11,35.2,472.2,12.0,18,524,52.0,14,0,2,5.4,55
Luke,Shaw,0,0,39,645,2,99.8,111.8,118.0,2,173,33.1,6,0,1,0.5,48
Marcos,Rojo,0,0,16,474,7,25.1,115.6,44.0,4,88,18.5,2,0,5,0.1,54
Antonio,Valencia,3,1,138,2561,21,401.8,534.8,247.0,13,620,118.2,15,0,7,11.6,69
Matteo,Darmian,0,0,16,286,2,18.9,57.2,6.0,0,75,8.2,2,0,0,0.2,49
Daley,Blind,0,0,21,284,0,80.7,57.0,15.0,0,91,15.2,3,0,0,0.9,51
Eric,Bailly,1,0,48,909,6,28.4,205.8,79.0,3,218,31.4,6,0,2,5.8,60
Axel,Tuanzebe,0,0,1,1,0,0.0,0.0,0.0,0,3,0.0,0,0,0,1.2,39
Victor,Lindelöf,0,0,39,1104,13,35.0,246.4,0.0,1,255,28.3,4,0,1,1.2,49
Juan,Mata,3,4,92,1739,9,744.7,387.2,436.0,6,379,156.3,14,0,1,2.0,68
Marouane,Fellaini,3,0,39,518,0,70.6,206.6,200.0,3,138,47.7,4,0,1,0.5,47
Michael,Carrick,0,0,1,24,0,11.2,7.0,33.0,0,0,5.1,0,0,0,0.8,42
Ashley,Young,2,5,90,2204,24,440.6,541.6,193.0,11,440,117.4,9,0,6,2.0,48
Ander,Herrera,0,2,38,1091,13,210.5,266.6,87.0,0,202,56.6,4,0,5,1.3,50
Jesse,Lingard,8,6,122,1649,17,480.5,506.2,610.0,10,423,159.4,8,0,2,10.1,60
Anthony,Martial,9,6,122,1456,12,455.0,526.2,716.0,7,393,169.9,9,0,1,2.4,78
Paul,Pogba,5,13,123,1870,18,588.7,641.0,649.0,12,487,188.0,10,1,4,12.8,79
Scott,McTominay,0,0,15,435,3,30.1,55.2,10.0,0,71,9.5,2,0,1,0.7,42
Marcus,Rashford,6,5,92,1563,14,379.1,429.0,775.0,9,347,157.9,9,0,3,6.4,74
Romelu,Lukaku,16,7,161,2817,26,546.9,824.8,1310.0,18,588,267.6,14,0,4,27.5,115
Andreas,Pereira,0,0,0,0,0,0.0,0.0,0.0,0,0,0.0,0,0,0,0.0,49
Zlatan,Ibrahimovic,0,0,5,102,2,43.5,14.8,68.0,0,18,12.6,0,0,0,0.1,95
Robert Kenedy,Nunes do Nascimento,2,2,44,683,4,153.3,189.2,211.0,5,135,55.4,6,0,0,2.7,48
Islam,Slimani,1,1,22,282,3,72.0,78.8,103.0,1,65,25.0,1,0,1,0.3,66
Robert,Elliot,0,0,57,1440,21,0.0,364.2,0.0,4,280,36.5,3,0,0,14.7,40
Karl,Darlow,0,0,33,900,15,0.0,258.8,0.0,2,172,25.9,2,0,0,0.3,43
DeAndre,Yedlin,0,2,76,2459,34,272.8,441.4,49.0,5,410,76.4,6,0,4,1.6,45
Ciaran,Clark,2,1,64,1745,30,50.8,433.6,190.0,6,317,67.5,4,0,3,1.6,43
Jamaal,Lascelles,3,0,103,2477,26,62.7,687.0,209.0,9,477,96.3,8,0,5,9.4,48
Paul,Dummett,0,0,40,1185,13,66.1,277.6,5.0,0,213,34.9,4,0,1,0.9,42
Grant,Hanley,0,0,0,0,0,0.0,0.0,0.0,0,0,0.0,0,0,0,0.4,40
Jesús,Gámez Duarte,0,0,9,97,0,47.6,32.2,4.0,2,38,8.4,1,0,0,1.5,39
Florian,Lejeune,0,1,48,1653,27,36.8,427.2,120.0,4,308,58.5,4,0,3,0.8,43
Matt,Ritchie,3,7,107,2436,32,715.0,518.2,459.0,10,447,169.4,8,0,5,2.1,54
Jonjo,Shelvey,1,3,59,1822,25,472.8,353.4,210.0,4,284,103.5,5,2,2,0.6,52
Yoan,Gouffran,0,0,0,0,0,0.0,0.0,0.0,0,0,0.0,0,0,0,0.0,50
Mohamed,Diamé,2,0,61,1595,22,145.0,335.4,147.0,3,266,63.0,5,0,1,0.2,46
Jack,Colback,0,0,0,0,0,0.0,0.0,0.0,0,0,0.0,0,0,0,0.7,42
Christian,Atsu,2,4,78,1776,22,340.6,308.8,480.0,5,236,112.9,6,0,1,1.4,48
Dwight,Gayle,5,3,81,1643,27,292.0,308.0,628.0,7,240,122.4,6,0,3,1.1,61
Ayoze,Pérez,5,6,100,2049,23,441.9,445.0,578.0,12,318,146.3,7,0,2,4.2,53
Aleksandar,Mitrovic,1,0,10,89,0,44.7,48.2,73.0,0,37,16.6,0,0,0,0.6,47
Daryl,Murphy,0,0,0,0,0,0.0,0.0,0.0,0,0,0.0,0,0,0,0.7,45
Massadio,Haidara,0,0,0,0,0,0.0,0.0,0.0,0,0,0.0,0,0,0,1.8,39
Siem,de Jong,0,0,0,0,0,0.0,0.0,0.0,0,0,0.0,0,0,0,0.1,49
Rolando,Aarons,0,0,5,136,2,8.1,12.0,25.0,0,19,4.6,0,0,0,0.1,43
Javier,Manquillo,0,0,45,1691,29,144.5,244.8,22.0,1,229,41.3,4,0,2,0.7,42
Jacob,Murphy,1,1,41,933,23,123.9,144.4,177.0,2,140,44.6,1,0,0,0.1,50
Jose Luis,Mato Sanmartín,4,1,66,1635,25,250.4,291.2,502.0,5,217,103.8,5,0,2,0.4,55
Chancel,Mbemba,0,0,20,670,11,67.1,158.2,6.0,3,133,23.2,1,0,0,10.7,39
Mikel,Merino,1,1,47,1324,18,231.9,368.6,132.0,4,262,73.4,3,0,4,0.1,49
Isaac,Hayden,1,0,40,1347,25,164.4,270.2,144.0,0,170,57.8,3,0,7,0.2,44
Henri,Saivet,1,0,8,83,2,0.8,49.8,7.0,1,27,5.8,0,0,0,0.0,44
Freddie,Woodman,0,0,0,0,0,0.0,0.0,0.0,0,0,0.0,0,0,0,0.1,40
Martin,Dubravka,0,0,28,630,6,0.0,90.2,0.0,2,116,9.0,3,0,0,0.7,45
Alex,McCarthy,0,0,37,1260,23,0.0,201.6,0.0,2,211,20.2,3,0,1,0.4,44
Fraser,Forster,0,0,73,1800,30,0.0,488.2,0.0,6,351,48.9,4,0,0,3.9,46
Ryan,Bertrand,0,5,87,2785,47,558.8,487.4,231.0,4,502,127.9,6,0,2,5.0,53
Maya,Yoshida,2,1,74,1785,29,65.9,479.4,236.0,6,383,78.3,6,0,1,1.6,46
Matt,Targett,0,0,2,166,6,38.6,42.2,0.0,0,35,8.1,0,0,0,0.1,43
Cédric,Soares,0,2,72,2434,41,396.8,437.0,155.0,2,421,99.0,6,0,1,3.4,47
Jérémy,Pied,0,1,7,180,3,29.9,65.8,4.0,1,47,10.0,0,0,0,0.1,42
Jack,Stephens,2,0,50,1800,32,67.3,454.8,142.0,2,321,66.4,4,1,6,0.5,45
Sam,McQueen,0,0,12,126,1,34.2,23.4,8.0,2,40,6.6,1,0,0,0.1,42
Jan,Bednarek,1,0,13,180,3,0.4,63.2,19.0,0,48,8.3,1,0,0,0.2,41
Steven,Davis,3,2,71,1515,21,350.8,345.2,126.0,6,337,82.5,4,0,0,1.4,47
James,Ward-Prowse,3,5,82,1659,27,609.8,357.0,270.0,8,361,123.4,2,0,2,1.8,49
Dusan,Tadic,4,3,99,2464,41,818.9,484.2,572.0,7,386,187.5,8,0,4,1.6,62
Jordy,Clasie,0,0,0,0,0,0.0,0.0,0.0,0,0,0.0,0,0,0,0.1,44
Oriol,Romeu Vidal,1,0,61,2537,44,275.8,520.8,199.0,0,422,99.7,7,0,9,2.2,42
Pierre-Emile,Højbjerg,0,0,33,1378,28,210.8,227.2,143.0,0,223,58.3,2,0,4,0.4,43
Sofiane,Boufal,2,2,55,1206,24,351.6,289.4,397.0,2,215,103.7,1,0,1,0.2,57
Joshua,Sims,0,0,8,160,2,43.5,32.6,149.0,0,18,22.5,1,0,0,0.1,43
Nathan,Redmond,0,3,58,1709,29,590.6,288.4,399.0,2,263,127.9,5,0,3,1.8,59
Shane,Long,2,2,50,1473,26,283.9,217.4,485.0,0,162,98.3,4,0,5,0.4,56
Charlie,Austin,7,0,62,724,14,73.1,276.4,517.0,9,197,86.2,1,0,1,1.1,58
Manolo,Gabbiadini,4,0,58,1045,17,122.2,164.6,220.0,7,173,48.7,4,0,2,1.3,62
Mario,Lemina,1,0,52,1580,30,155.5,321.0,111.0,5,311,58.6,4,0,2,0.2,48
Stuart,Taylor,0,0,0,0,0,0.0,0.0,0.0,0,0,0.0,0,0,0,0.4,40
Wesley,Hoedt,0,2,60,2160,39,104.7,551.6,134.0,8,453,79.0,4,0,6,0.1,50
Michael,Obafemi,0,0,1,8,0,1.3,0.0,4.0,0,-1,0.3,0,0,0,0.7,45
Guido,Carrillo,0,1,15,449,8,64.2,50.2,179.0,0,40,29.4,1,0,0,0.0,60
Kurt,Zouma,1,0,77,2586,46,80.7,722.2,225.0,5,496,103.0,6,0,1,2.1,54
Jack,Butland,0,0,105,2790,57,10.0,871.6,0.0,12,599,88.3,5,0,0,2.7,50
Lee,Grant,0,0,5,270,7,0.0,64.2,0.0,0,44,6.3,0,0,0,0.2,42
Ryan,Shawcross,1,1,56,2011,36,25.8,561.8,255.0,2,302,84.4,4,0,2,0.9,48
Geoff,Cameron,0,0,33,1522,30,77.2,265.4,46.0,0,220,39.0,2,0,2,0.3,43
Erik,Pieters,0,1,61,2357,46,225.9,438.2,31.0,0,387,69.5,6,0,3,0.4,47
Marc,Muniesa,0,0,0,0,0,0.0,0.0,0.0,0,0,0.0,0,0,0,0.0,45
Glen,Johnson,0,0,3,412,13,51.4,71.8,39.0,0,58,16.2,0,0,2,0.3,41
Josh,Tymon,0,0,0,162,9,4.9,20.4,0.0,0,18,2.5,0,0,0,0.0,44
Joe,Allen,2,6,101,2862,52,496.8,638.6,328.0,12,487,146.3,5,0,8,1.8,51
Charlie,Adam,0,0,10,405,9,114.4,73.2,84.0,0,57,27.1,2,1,2,0.1,47
Glenn,Whelan,0,0,0,0,0,0.0,0.0,0.0,0,0,0.0,0,0,0,0.0,45
Ibrahim,Afellay,0,0,6,162,9,5.5,12.6,0.0,0,29,1.8,0,0,1,0.0,48
Xherdan,Shaqiri,7,8,139,2679,54,1029.7,631.2,639.0,17,500,230.6,5,0,4,10.0,62
Giannelli,Imbula,0,0,0,0,0,0.0,0.0,0.0,0,0,0.0,0,0,0,0.1,45
Bojan,Krkic Perez,0,0,2,71,1,13.3,0.0,6.0,0,5,1.9,0,0,0,0.0,55
Ramadan,Sobhi,2,1,49,1166,28,236.1,221.2,173.0,2,216,63.0,2,0,2,0.5,45
Darren,Fletcher,1,1,64,2110,48,334.3,332.2,70.0,3,319,73.7,4,0,0,0.4,47
Peter,Crouch,4,2,63,1241,25,279.9,247.8,359.0,6,189,88.5,0,0,2,2.3,48
Mame Biram,Diouf,6,2,89,2248,45,247.0,430.2,765.0,8,314,143.9,7,0,5,1.9,52
Saido,Berahino,0,1,20,483,13,51.8,40.4,149.0,0,42,23.7,2,0,0,0.3,56
Kevin,Wimmer,0,0,19,1321,32,38.8,297.0,28.0,1,196,36.5,1,0,5,0.3,40
Eric Maxim,Choupo-Moting,5,5,107,2241,45,327.5,505.6,851.0,9,341,168.1,5,0,3,2.1,53
Jesé,Rodríguez Ruiz,1,1,31,609,17,127.7,110.4,171.0,2,93,40.8,1,0,0,2.0,54
Bruno,Martins Indi,0,0,17,1101,27,48.1,211.0,60.0,0,153,32.0,1,0,3,0.0,49
Harry,Souttar,0,0,0,0,0,0.0,0.0,0.0,0,0,0.0,0,0,0,0.1,40
Thomas,Edwards,0,0,6,481,15,23.0,93.4,10.0,0,81,12.7,0,0,0,0.3,40
Julien,Ngoy,0,0,1,19,2,1.8,1.0,0.0,0,4,0.3,0,0,0,0.3,45
Jakob,Haugaard,0,0,0,0,0,0.0,0.0,0.0,0,0,0.0,0,0,0,0.1,40
Stephen,Ireland,0,0,2,93,4,13.9,6.4,10.0,0,4,3.0,0,0,1,0.0,45
Moritz,Bauer,0,0,32,969,14,152.7,150.8,57.0,1,160,36.2,4,0,2,0.5,45
Konstantinos,Stafylidis,0,0,6,334,6,23.8,68.2,18.0,0,38,11.0,0,0,0,0.0,43
Papa Alioune,Ndiaye,0,1,19,778,13,96.3,145.4,101.0,0,78,34.4,1,0,3,0.0,50
Tyrese,Campbell,0,0,2,47,1,2.2,5.8,11.0,0,5,1.9,0,0,0,0.5,45
Lasse,Sorenson,0,0,0,0,0,0.0,0.0,0.0,0,0,0.0,0,0,0,0.0,45
Andy,King,2,1,40,944,17,68.2,170.0,141.0,1,164,38.1,1,0,1,3.5,42
Lukasz,Fabianski,0,0,130,2970,46,10.0,868.0,0.0,10,650,87.8,9,0,0,8.7,47
Kristoffer,Nordfeldt,0,0,0,0,0,0.0,0.0,0.0,0,0,0.0,0,0,0,1.4,39
Kyle,Naughton,0,2,97,2776,43,245.3,616.2,128.0,11,521,99.3,9,0,1,5.5,46
Angel,Rangel,0,0,3,64,1,1.6,13.8,0.0,0,12,1.5,0,0,0,7.5,39
Federico,Fernández,1,1,82,2430,38,53.6,701.0,165.0,10,469,92.1,7,0,4,3.7,45
Stephen,Kingsley,0,0,0,0,0,0.0,0.0,0.0,0,0,0.0,0,0,0,0.0,45
Mike,van der Hoorn,1,0,71,1603,18,50.6,400.2,115.0,4,351,56.6,8,0,2,1.0,44
Alfie,Mawson,2,1,106,2970,46,76.3,749.6,221.0,7,592,105.1,9,0,2,3.6,51
Martin,Olsson,0,1,80,2754,42,237.8,294.6,110.0,0,405,64.4,9,0,5,0.3,50
Wayne,Routledge,0,0,15,355,9,82.8,45.6,36.0,0,48,16.2,1,0,1,0.1,51
Leon,Britton,0,0,9,269,1,5.0,11.8,0.0,0,25,1.6,3,0,1,0.1,44
Jay,Fulton,0,0,1,17,0,0.1,0.2,0.0,0,1,0.0,0,0,1,0.0,43
Sung-yueng,Ki,2,2,66,1544,22,275.0,270.6,141.0,9,287,68.6,5,0,1,1.0,47
Jefferson,Montero,0,0,0,0,0,0.0,0.0,0.0,0,0,0.0,0,0,0,0.0,49
Leroy,Fer,1,1,41,1394,26,180.0,240.6,139.0,0,201,56.0,4,0,5,0.2,52
Nathan,Dyer,0,1,37,1143,18,166.1,83.6,88.0,0,125,33.6,3,0,2,0.2,44
Tom,Carroll,0,4,77,2257,31,630.9,403.8,163.0,6,384,119.8,7,0,3,4.3,43
Modou,Barrow,0,0,0,0,0,0.0,0.0,0.0,0,0,0.0,0,0,0,0.0,50
Luciano,Narsingh,1,0,28,587,15,148.3,106.4,153.0,3,90,40.7,1,0,0,0.0,47
Roque,Mesa,0,0,18,753,16,85.7,89.0,34.0,0,125,20.9,2,0,3,0.4,42
Oliver,McBurnie,0,1,16,267,5,30.4,38.4,105.0,0,45,17.4,0,0,0,1.8,46
Jordan,Ayew,7,2,98,2400,39,313.0,529.4,766.0,12,362,161.0,7,1,2,6.3,53
Tammy,Abraham,5,3,82,1608,29,160.9,262.6,640.0,11,233,106.0,4,0,0,3.5,54
André,Ayew,3,4,65,1384,32,192.9,254.2,289.0,2,202,73.2,3,0,4,1.0,68
Kyle,Bartley,0,0,4,210,3,21.2,67.6,16.0,0,25,10.5,0,0,2,0.1,43
Sam,Clucas,3,1,69,1812,27,201.4,332.8,155.0,4,280,68.7,5,0,2,0.4,47
Renato,Sanches,0,0,20,699,10,135.0,71.8,64.0,0,83,27.0,2,0,1,0.3,43
Wilfried,Bony,2,1,33,701,8,70.6,119.0,211.0,3,103,39.3,2,0,2,0.1,56
Joe,Rodon,0,0,0,0,0,0.0,0.0,0.0,0,0,0.0,0,0,0,0.0,40
Erwin,Mulder,0,0,0,0,0,0.0,0.0,0.0,0,0,0.0,0,0,0,0.1,40
Connor,Roberts,0,0,1,25,1,1.1,1.0,0.0,0,3,0.2,0,0,0,0.1,40
Fernando,Llorente,1,0,21,219,1,66.2,57.2,82.0,2,67,20.5,1,0,1,0.2,73
Hugo,Lloris,0,0,124,2880,30,0.1,592.0,0.0,3,602,58.9,13,0,1,8.5,54
Michel,Vorm,0,0,3,90,1,0.0,19.0,0.0,0,17,1.9,0,0,0,0.1,48
Toby,Alderweireld,0,0,40,990,8,54.4,214.8,37.0,3,218,30.7,5,0,3,5.0,58
Danny,Rose,0,1,19,618,9,110.0,100.4,75.0,0,107,28.6,2,0,3,0.3,64
Jan,Vertonghen,0,1,117,2939,31,194.9,708.6,177.0,10,699,108.4,13,0,4,8.8,60
Ben,Davies,2,7,131,2143,20,663.0,580.4,201.0,14,563,144.4,10,0,3,21.0,58
Kieran,Trippier,0,6,93,1650,20,497.6,385.4,54.0,15,454,93.8,7,0,1,4.4,52
Eric,Dier,0,2,80,2642,26,287.8,565.8,259.0,2,451,111.2,14,0,4,2.6,47
Mousa,Dembélé,0,0,49,1813,22,285.9,292.2,73.0,3,335,65.1,6,0,6,1.7,49
Erik,Lamela,0,3,35,650,8,244.3,115.4,274.0,0,119,62.9,3,0,3,0.1,63
Christian,Eriksen,11,9,186,2858,28,1319.6,978.8,936.0,23,750,323.7,15,0,0,16.5,95
Bamidele,Alli,8,13,161,2704,28,852.5,727.6,883.0,12,520,246.4,13,0,6,13.1,90
Victor,Wanyama,1,0,26,543,6,63.6,149.0,50.0,1,125,26.1,1,0,0,0.4,48
Heung-Min,Son,12,7,167,2114,17,535.7,695.0,1136.0,16,518,236.6,12,0,0,14.6,83
Harry,Winks,0,1,31,768,9,172.2,144.4,14.0,0,167,33.1,4,0,0,0.1,48
Moussa,Sissoko,1,1,52,1196,14,365.0,227.2,242.0,0,223,83.4,6,0,3,0.4,53
Harry,Kane,25,2,191,2714,29,455.7,1071.6,2175.0,29,671,370.4,13,0,5,30.9,128
Vincent,Janssen,0,0,1,1,0,0.0,0.0,0.0,0,2,0.0,0,0,0,0.1,74
Kyle,Walker-Peters,0,0,7,98,0,21.0,18.6,4.0,0,33,4.4,1,0,0,0.9,40
Cameron,Carter-Vickers,0,0,0,0,0,0.0,0.0,0.0,0,0,0.0,0,0,0,0.0,45
Davinson,Sánchez,0,0,89,2250,20,61.5,526.8,89.0,5,515,67.7,11,1,1,1.1,60
Tashan,Oakley-Boothe,0,0,0,0,0,0.0,0.0,0.0,0,0,0.0,0,0,0,0.0,45
Serge,Aurier,2,2,77,1427,13,236.5,367.2,209.0,9,335,81.4,6,1,1,0.9,59
Juan,Foyth,0,0,0,0,0,0.0,0.0,0.0,0,0,0.0,0,0,0,0.0,45
Paulo,Gazzaniga,0,0,9,90,0,0.0,27.4,0.0,2,26,2.7,1,0,0,0.1,42
Alfie,Whiteman,0,0,0,0,0,0.0,0.0,0.0,0,0,0.0,0,0,0,0.1,40
Lucas,Rodrigues Moura da Silva,0,0,5,121,1,45.5,30.6,22.0,0,22,9.9,0,0,0,0.0,77
Kazaiah,Sterling,0,0,0,0,0,0.0,0.0,0.0,0,0,0.0,0,0,0,0.0,45
Andre,Gray,4,3,68,1273,26,219.8,207.4,511.0,3,200,92.2,5,0,1,1.3,63
Nathaniel,Chalobah,0,0,12,429,7,26.0,77.4,93.0,0,37,19.6,3,0,1,0.8,42
Molla,Wagué,1,0,19,438,8,5.6,98.0,41.0,0,82,14.5,1,0,0,0.0,45
Costel,Pantilimon,0,0,0,0,0,0.0,0.0,0.0,0,0,0.0,0,0,0,0.1,45
Heurelho,Gomes,0,0,62,2038,39,0.2,452.4,0.0,4,386,45.1,5,0,0,1.3,45
Younes,Kaboul,0,0,7,151,3,0.9,47.4,2.0,0,35,5.0,1,0,0,0.1,42
Craig,Cathcart,0,0,9,225,2,1.4,40.0,21.0,0,46,6.3,1,0,1,0.0,44
Sebastian,Prödl,0,0,42,1566,29,25.9,276.4,89.0,0,267,39.3,5,0,5,0.3,43
José,Holebas,0,4,68,2111,43,574.9,454.4,123.0,6,383,115.4,6,0,6,0.6,48
Miguel,Britos,1,0,22,795,16,42.7,180.4,51.0,0,149,27.3,2,1,3,0.5,43
Christian,Kabasele,2,0,65,2129,40,51.4,590.2,120.0,2,380,76.3,6,0,4,0.5,44
Daryl,Janmaat,3,1,55,1638,35,190.3,406.4,251.0,3,308,84.8,2,0,3,0.5,48
Adrian,Mariappa,0,0,54,2019,40,46.6,410.0,104.0,2,338,56.1,6,0,4,5.4,42
Brandon,Mason,0,0,0,0,0,0.0,0.0,0.0,0,0,0.0,0,0,0,1.2,39
Francisco,Femenía Far,1,1,64,1646,32,300.8,320.2,111.0,9,380,73.4,5,0,2,1.6,43
Tom,Cleverley,1,2,58,1900,33,464.8,332.2,124.0,3,300,92.1,6,1,1,0.4,50
Etienne,Capoue,1,1,44,1357,26,145.6,243.8,132.0,0,215,52.2,4,0,3,1.4,48
Valon,Behrami,0,0,0,0,0,0.0,0.0,0.0,0,0,0.0,0,0,0,0.1,45
Steven,Berghuis,0,0,0,0,0,0.0,0.0,0.0,0,0,0.0,0,0,0,0.0,50
Nordin,Amrabat,0,0,6,198,3,46.5,22.8,10.0,0,11,8.0,1,0,0,0.0,50
Isaac,Success,0,0,0,0,0,0.0,0.0,0.0,0,0,0.0,0,0,0,0.0,53
Abdoulaye,Doucouré,7,3,127,3054,59,564.4,799.8,495.0,16,626,186.4,9,0,10,12.8,53
Roberto,Pereyra,4,2,68,1465,32,349.4,288.8,408.0,3,256,104.6,1,0,3,0.3,58
Will,Hughes,2,3,47,725,12,232.2,218.8,130.0,5,160,58.2,4,0,0,0.3,46
Troy,Deeney,5,2,71,1722,29,324.4,326.0,453.0,7,239,109.8,6,1,1,1.1,63
Stefano,Okaka,1,1,24,442,9,92.4,74.6,145.0,1,52,29.8,2,0,2,0.3,53
Mauro,Zárate,0,0,0,0,0,0.0,0.0,0.0,0,0,0.0,0,0,0,0.0,54
Ben,Watson,0,0,12,455,12,46.1,74.2,10.0,0,61,13.1,0,0,1,0.1,43
Jerome,Sinclair,0,0,4,29,1,11.0,4.4,4.0,0,12,1.9,0,0,0,0.2,49
Richarlison,de Andrade,5,8,120,2627,51,373.8,482.6,1150.0,4,302,200.1,8,0,4,7.0,59
André,Carrillo,1,3,63,1522,31,330.7,266.0,261.0,4,270,85.8,4,0,2,0.1,54
Orestis,Karnezis,0,0,44,1111,21,0.0,236.6,0.0,5,222,23.7,4,0,0,0.2,45
Marvin,Zeegelaar,0,2,28,993,18,142.1,185.2,24.0,5,186,35.2,2,1,4,0.3,40
Michael,Folivi,0,0,0,0,0,0.0,0.0,0.0,0,0,0.0,0,0,0,0.1,45
Daniel,Bachmann,0,0,0,0,0,0.0,0.0,0.0,0,0,0.0,0,0,0,0.1,40
Gerard,Deulofeu,1,1,21,311,2,123.7,78.2,72.0,3,79,27.4,2,0,0,0.4,55
Carl,Stewart,0,0,0,0,0,0.0,0.0,0.0,0,0,0.0,0,0,0,0.0,45
Dodi,Lukebakio,0,0,1,15,1,24.7,6.6,5.0,0,5,3.6,0,0,0,0.0,49
Didier,Ndong,0,0,0,0,0,0.0,0.0,0.0,0,0,0.0,0,0,0,0.0,45
Joy,Mukena,0,0,0,0,0,0.0,0.0,0.0,0,0,0.0,0,0,0,0.0,40
Kieran,Gibbs,0,2,73,2556,42,351.7,449.8,129.0,1,426,93.2,6,0,2,0.4,50
Gareth,Barry,1,2,56,1921,35,274.9,347.8,195.0,0,287,82.0,4,0,4,0.8,44
Daniel,Sturridge,2,1,30,508,7,184.6,130.6,300.0,0,123,61.5,3,0,0,0.6,79
Boaz,Myhill,0,0,1,90,1,0.0,12.2,0.0,0,7,1.2,0,0,1,3.2,40
Ben,Foster,0,0,105,3060,53,20.0,641.8,0.0,8,565,66.4,8,0,2,9.5,43
Allan-Roméo,Nyom,0,1,59,2036,38,263.6,398.2,23.0,6,355,68.3,5,0,5,1.1,47
Jonny,Evans,2,2,77,2268,38,104.1,536.0,211.0,5,452,85.1,6,0,7,1.0,49
Craig,Dawson,2,1,74,2240,37,170.4,550.4,252.0,3,392,97.6,6,0,5,1.5,48
Gareth,McAuley,0,0,8,454,15,4.9,85.4,2.0,0,73,9.3,0,0,0,0.5,45
Jake,Livermore,1,1,71,2401,39,272.9,353.8,165.0,3,315,79.5,6,0,4,0.1,48
Nacer,Chadli,1,0,13,174,2,25.9,42.4,33.0,3,30,10.1,1,0,1,0.2,56
James,Morrison,1,0,13,205,1,40.4,56.0,47.0,0,35,14.5,2,0,0,0.0,53
Claudio,Yacob,0,0,23,898,17,29.1,142.8,59.0,0,124,23.2,3,0,5,0.2,43
James,McClean,1,0,39,1126,18,263.0,207.6,261.0,1,133,71.9,4,0,5,0.1,47
Jonathan,Leko,0,0,0,0,0,0.0,0.0,0.0,0,0,0.0,0,0,0,0.0,45
Matt,Phillips,1,3,67,1907,32,469.8,312.6,324.0,0,237,110.7,8,0,3,0.5,54
Sam,Field,1,0,23,534,7,64.8,102.4,95.0,2,70,26.3,4,0,3,0.1,44
Chris,Brunt,0,7,72,1647,21,594.1,378.6,117.0,6,344,109.1,7,0,3,0.5,50
Salomón,Rondón,7,3,97,2531,47,353.8,422.6,850.0,5,268,161.3,4,0,4,0.9,60
Hal,Robson-Kanu,2,0,30,796,13,105.5,119.8,264.0,1,77,48.3,4,1,2,0.4,49
Jay,Rodriguez,7,1,103,2581,40,324.4,439.4,886.0,11,314,164.0,8,0,2,2.2,53
Ahmed El-Sayed,Hegazi,2,0,99,3116,53,99.0,888.4,181.0,8,574,117.1,8,0,3,18.2,46
Rekeem,Harper,0,0,1,20,0,20.4,6.6,0.0,0,6,2.7,0,0,0,0.0,45
Kane,Wilson,0,0,0,0,0,0.0,0.0,0.0,0,0,0.0,0,0,0,0.2,40
Oliver,Burke,0,2,23,356,11,73.9,77.4,75.0,0,75,22.5,0,0,0,0.0,49
Grzegorz,Krychowiak,0,3,53,1557,30,215.0,270.4,83.0,4,245,56.9,3,0,2,0.1,47
Alex,Palmer,0,0,0,0,0,0.0,0.0,0.0,0,0,0.0,0,0,0,0.1,40
Max,Melbourne,0,0,0,0,0,0.0,0.0,0.0,0,0,0.0,0,0,0,0.0,40
Rayhaan,Tulloch,0,0,0,0,0,0.0,0.0,0.0,0,0,0.0,0,0,0,0.6,45
Nathan,Ferguson,0,0,0,0,0,0.0,0.0,0.0,0,0,0.0,0,0,0,0.1,40
Ali,Gabr,0,0,0,0,0,0.0,0.0,0.0,0,0,0.0,0,0,0,0.1,42
Kyle,Jameson,0,0,0,0,0,0.0,0.0,0.0,0,0,0.0,0,0,0,0.0,40
Marko,Arnautovic,9,5,116,1871,41,398.1,571.8,919.0,10,350,188.9,5,1,3,6.1,70
Adrián,San Miguel del Castillo,0,0,48,1350,24,0.0,343.0,0.0,1,276,34.3,4,0,2,1.9,41
Darren,Randolph,0,0,0,0,0,0.0,0.0,0.0,0,0,0.0,0,0,0,0.0,45
Jose,Fonte,0,2,34,688,11,57.8,186.8,89.0,3,156,33.4,3,0,0,0.8,47
James,Collins,1,0,35,1047,19,25.5,346.0,72.0,3,198,44.4,3,0,3,0.2,43
Winston,Reid,0,0,42,1452,27,48.8,322.4,64.0,3,264,43.6,5,0,5,0.6,48
Aaron,Cresswell,0,7,99,2622,51,543.9,574.4,180.0,10,523,130.2,8,0,6,2.2,49
Angelo,Ogbonna,1,0,63,2430,51,80.7,595.0,119.0,4,440,79.4,5,0,3,3.2,42
Sam,Byram,0,0,5,246,7,37.6,71.0,36.0,0,41,14.5,0,0,1,0.1,42
Arthur,Masuaku,0,3,53,1583,26,261.5,331.2,116.0,2,295,70.8,4,0,5,0.9,42
Pablo,Zabaleta,0,0,76,2839,53,253.2,557.8,45.0,6,490,85.7,8,0,8,1.9,49
Robert,Snodgrass,0,0,0,0,0,0.0,0.0,0.0,0,0,0.0,0,0,0,0.6,58
Mark,Noble,3,0,66,1950,36,270.7,421.2,104.0,5,369,79.7,5,0,5,0.2,53
Cheikhou,Kouyaté,2,3,74,2348,47,243.8,399.8,272.0,2,310,91.4,5,0,5,0.3,50
Pedro,Obiang,2,0,53,1558,29,131.8,377.4,88.0,6,267,60.0,5,0,3,0.7,42
Manuel,Lanzini,3,6,79,1695,36,525.9,438.0,412.0,8,369,137.7,4,0,4,0.7,66
Michail,Antonio,3,2,62,1350,23,256.3,296.6,393.0,1,188,94.6,7,0,1,0.2,74
Sofiane,Feghouli,0,0,0,0,0,0.0,0.0,0.0,0,0,0.0,0,0,0,0.0,55
Edimilson,Fernandes,0,0,17,637,14,56.3,60.6,62.0,0,72,17.9,2,0,1,0.2,43
Andy,Carroll,3,1,33,699,12,109.7,139.4,326.0,6,98,56.4,3,1,5,0.2,57
Diafra,Sakho,2,1,24,294,11,25.1,77.6,110.0,1,65,21.2,0,0,2,0.1,55
Ashley,Fletcher,0,0,0,0,0,0.0,0.0,0.0,0,0,0.0,0,0,0,0.4,45
Enner,Valencia,0,0,0,0,0,0.0,0.0,0.0,0,0,0.0,0,0,0,0.0,50
Joe,Hart,0,1,58,1620,35,10.0,358.4,0.0,3,323,36.8,4,0,0,5.7,42
Javier,Hernández Balcázar,8,2,91,1483,33,289.7,366.2,451.0,14,306,109.5,6,0,3,7.5,67
Declan,Rice,0,0,27,971,20,21.6,230.2,17.0,0,189,26.9,1,0,1,0.1,44
Sead,Haksabanovic,0,0,0,0,0,0.0,0.0,0.0,0,0,0.0,0,0,0,0.0,50
Antonio,Martinez Lopez,0,0,0,0,0,0.0,0.0,0.0,0,0,0.0,0,0,0,0.0,50
Domingos,Quina,0,0,0,0,0,0.0,0.0,0.0,0,0,0.0,0,0,0,0.0,44
Ben,Johnson,0,0,0,0,0,0.0,0.0,0.0,0,0,0.0,0,0,0,0.0,44
Nathan,Trott,0,0,0,0,0,0.0,0.0,0.0,0,0,0.0,0,0,0,0.2,40
Moses,Makasi,0,0,0,0,0,0.0,0.0,0.0,0,0,0.0,0,0,0,0.0,45
Reece,Burke,0,0,0,0,0,0.0,0.0,0.0,0,0,0.0,0,0,0,0.0,40
Josh,Cullen,0,0,2,6,0,0.6,7.2,0.0,0,7,0.8,0,0,0,0.0,45
João Mário,Naval Costa Eduardo,1,1,28,667,12,179.9,108.8,123.0,2,108,41.0,2,0,0,0.1,60
Reece,Oxford,0,0,1,4,0,0.0,3.0,0.0,0,2,0.3,0,0,0,0.0,45
Jordan,Hugill,0,0,3,22,0,0.4,0.0,0.0,0,4,0.0,0,0,0,0.0,50
Patrice,Evra,0,0,1,161,6,2.9,33.4,0.0,0,22,3.7,0,0,0,0.2,42
Marcus,Browne,0,0,0,0,0,0.0,0.0,0.0,0,0,0.0,0,0,0,0.0,45
Josh,Pask,0,0,0,0,0,0.0,0.0,0.0,0,0,0.0,0,0,0,0.0,40
Grady,Diangana,0,0,0,0,0,0.0,0.0,0.0,0,0,0.0,0,0,0,0.0,45
